mean,sd
126796.02336310636,6626.202509874345
120625.62057235901,2765.7745520566064
119021.23783863297,2893.066589431318
