mean,sd
124033.72536240803,5125.718283044478
120100.6803175695,3438.353987242658
118888.56795704266,2568.134587155554
